,src,dst,time,ext_roll
0,3,5,0,0
1,3,11,0,0
2,3,18,0,0
3,3,21,0,0
4,4,5,0,0
5,4,11,0,0
6,4,18,0,0
7,4,21,0,0
8,21,5,0,0
9,21,11,0,0
10,21,18,0,0
11,3,6,28,0
12,3,12,28,0
13,3,21,35,0
14,12,21,35,0
15,21,3,36,0
16,27,4,40,0
17,3,20,43,0
18,3,14,77,0
19,14,10,78,0
20,14,3,180,0
21,14,10,180,0
22,14,11,180,0
23,14,18,180,0
24,14,21,180,0
25,3,12,181,0
26,10,12,181,0
27,11,12,181,0
28,14,12,181,0
29,18,12,181,0
30,21,12,181,0
31,4,20,187,0
32,5,20,187,0
33,20,3,188,0
34,20,4,188,0
35,20,21,188,0
36,3,21,189,0
37,4,21,189,0
38,21,6,190,0
39,28,14,194,0
40,29,14,194,0
41,14,3,195,0
42,14,6,195,0
43,3,11,196,0
44,3,18,196,0
45,6,3,196,0
46,6,11,196,0
47,6,18,196,0
48,14,3,196,0
49,14,11,196,0
50,14,18,196,0
51,22,23,229,0
52,22,25,229,0
53,22,29,229,0
54,22,0,229,0
55,22,1,229,0
56,22,3,229,0
57,22,4,229,0
58,22,5,229,0
59,22,6,229,0
60,22,7,229,0
61,22,8,229,0
62,22,9,229,0
63,22,10,229,0
64,22,11,229,0
65,22,12,229,0
66,22,13,229,0
67,22,14,229,0
68,22,15,229,0
69,22,16,229,0
70,22,18,229,0
71,22,19,229,0
72,22,20,229,0
73,22,21,229,0
74,23,22,229,0
75,23,25,229,0
76,23,29,229,0
77,23,0,229,0
78,23,1,229,0
79,23,3,229,0
80,23,4,229,0
81,23,5,229,0
82,23,6,229,0
83,23,7,229,0
84,23,8,229,0
85,23,9,229,0
86,23,10,229,0
87,23,11,229,0
88,23,12,229,0
89,23,13,229,0
90,23,14,229,0
91,23,15,229,0
92,23,16,229,0
93,23,18,229,0
94,23,19,229,0
95,23,20,229,0
96,23,21,229,0
97,4,22,229,0
98,4,23,229,0
99,4,25,229,0
100,4,29,229,0
101,4,0,229,0
102,4,1,229,0
103,4,3,229,0
104,4,5,229,0
105,4,6,229,0
106,4,7,229,0
107,4,8,229,0
108,4,9,229,0
109,4,10,229,0
110,4,11,229,0
111,4,12,229,0
112,4,13,229,0
113,4,14,229,0
114,4,15,229,0
115,4,16,229,0
116,4,18,229,0
117,4,19,229,0
118,4,20,229,0
119,4,21,229,0
120,5,22,229,0
121,5,23,229,0
122,5,25,229,0
123,5,29,229,0
124,5,0,229,0
125,5,1,229,0
126,5,3,229,0
127,5,4,229,0
128,5,6,229,0
129,5,7,229,0
130,5,8,229,0
131,5,9,229,0
132,5,10,229,0
133,5,11,229,0
134,5,12,229,0
135,5,13,229,0
136,5,14,229,0
137,5,15,229,0
138,5,16,229,0
139,5,18,229,0
140,5,19,229,0
141,5,20,229,0
142,5,21,229,0
143,13,22,229,0
144,13,23,229,0
145,13,25,229,0
146,13,29,229,0
147,13,0,229,0
148,13,1,229,0
149,13,3,229,0
150,13,4,229,0
151,13,5,229,0
152,13,6,229,0
153,13,7,229,0
154,13,8,229,0
155,13,9,229,0
156,13,10,229,0
157,13,11,229,0
158,13,12,229,0
159,13,14,229,0
160,13,15,229,0
161,13,16,229,0
162,13,18,229,0
163,13,19,229,0
164,13,20,229,0
165,13,21,229,0
166,22,25,230,0
167,22,29,230,0
168,22,1,230,0
169,22,3,230,0
170,22,4,230,0
171,22,11,230,0
172,22,14,230,0
173,22,15,230,0
174,22,18,230,0
175,22,19,230,0
176,22,21,230,0
177,23,25,230,0
178,23,29,230,0
179,23,1,230,0
180,23,3,230,0
181,23,4,230,0
182,23,11,230,0
183,23,14,230,0
184,23,15,230,0
185,23,18,230,0
186,23,19,230,0
187,23,21,230,0
188,25,29,230,0
189,25,1,230,0
190,25,3,230,0
191,25,4,230,0
192,25,11,230,0
193,25,14,230,0
194,25,15,230,0
195,25,18,230,0
196,25,19,230,0
197,25,21,230,0
198,29,25,230,0
199,29,1,230,0
200,29,3,230,0
201,29,4,230,0
202,29,11,230,0
203,29,14,230,0
204,29,15,230,0
205,29,18,230,0
206,29,19,230,0
207,29,21,230,0
208,0,25,230,0
209,0,29,230,0
210,0,1,230,0
211,0,3,230,0
212,0,4,230,0
213,0,11,230,0
214,0,14,230,0
215,0,15,230,0
216,0,18,230,0
217,0,19,230,0
218,0,21,230,0
219,1,25,230,0
220,1,29,230,0
221,1,3,230,0
222,1,4,230,0
223,1,11,230,0
224,1,14,230,0
225,1,15,230,0
226,1,18,230,0
227,1,19,230,0
228,1,21,230,0
229,3,25,230,0
230,3,29,230,0
231,3,1,230,0
232,3,4,230,0
233,3,11,230,0
234,3,14,230,0
235,3,15,230,0
236,3,18,230,0
237,3,19,230,0
238,3,21,230,0
239,4,25,230,0
240,4,29,230,0
241,4,1,230,0
242,4,3,230,0
243,4,11,230,0
244,4,14,230,0
245,4,15,230,0
246,4,18,230,0
247,4,19,230,0
248,4,21,230,0
249,5,25,230,0
250,5,29,230,0
251,5,1,230,0
252,5,3,230,0
253,5,4,230,0
254,5,11,230,0
255,5,14,230,0
256,5,15,230,0
257,5,18,230,0
258,5,19,230,0
259,5,21,230,0
260,6,25,230,0
261,6,29,230,0
262,6,1,230,0
263,6,3,230,0
264,6,4,230,0
265,6,11,230,0
266,6,14,230,0
267,6,15,230,0
268,6,18,230,0
269,6,19,230,0
270,6,21,230,0
271,7,25,230,0
272,7,29,230,0
273,7,1,230,0
274,7,3,230,0
275,7,4,230,0
276,7,11,230,0
277,7,14,230,0
278,7,15,230,0
279,7,18,230,0
280,7,19,230,0
281,7,21,230,0
282,8,25,230,0
283,8,29,230,0
284,8,1,230,0
285,8,3,230,0
286,8,4,230,0
287,8,11,230,0
288,8,14,230,0
289,8,15,230,0
290,8,18,230,0
291,8,19,230,0
292,8,21,230,0
293,9,25,230,0
294,9,29,230,0
295,9,1,230,0
296,9,3,230,0
297,9,4,230,0
298,9,11,230,0
299,9,14,230,0
300,9,15,230,0
301,9,18,230,0
302,9,19,230,0
303,9,21,230,0
304,10,25,230,0
305,10,29,230,0
306,10,1,230,0
307,10,3,230,0
308,10,4,230,0
309,10,11,230,0
310,10,14,230,0
311,10,15,230,0
312,10,18,230,0
313,10,19,230,0
314,10,21,230,0
315,11,25,230,0
316,11,29,230,0
317,11,1,230,0
318,11,3,230,0
319,11,4,230,0
320,11,14,230,0
321,11,15,230,0
322,11,18,230,0
323,11,19,230,0
324,11,21,230,0
325,12,25,230,0
326,12,29,230,0
327,12,1,230,0
328,12,3,230,0
329,12,4,230,0
330,12,11,230,0
331,12,14,230,0
332,12,15,230,0
333,12,18,230,0
334,12,19,230,0
335,12,21,230,0
336,13,25,230,0
337,13,29,230,0
338,13,1,230,0
339,13,3,230,0
340,13,4,230,0
341,13,11,230,0
342,13,14,230,0
343,13,15,230,0
344,13,18,230,0
345,13,19,230,0
346,13,21,230,0
347,14,25,230,0
348,14,29,230,0
349,14,1,230,0
350,14,3,230,0
351,14,4,230,0
352,14,11,230,0
353,14,15,230,0
354,14,18,230,0
355,14,19,230,0
356,14,21,230,0
357,15,25,230,0
358,15,29,230,0
359,15,1,230,0
360,15,3,230,0
361,15,4,230,0
362,15,11,230,0
363,15,14,230,0
364,15,18,230,0
365,15,19,230,0
366,15,21,230,0
367,16,25,230,0
368,16,29,230,0
369,16,1,230,0
370,16,3,230,0
371,16,4,230,0
372,16,11,230,0
373,16,14,230,0
374,16,15,230,0
375,16,18,230,0
376,16,19,230,0
377,16,21,230,0
378,18,25,230,0
379,18,29,230,0
380,18,1,230,0
381,18,3,230,0
382,18,4,230,0
383,18,11,230,0
384,18,14,230,0
385,18,15,230,0
386,18,19,230,0
387,18,21,230,0
388,19,25,230,0
389,19,29,230,0
390,19,1,230,0
391,19,3,230,0
392,19,4,230,0
393,19,11,230,0
394,19,14,230,0
395,19,15,230,0
396,19,18,230,0
397,19,21,230,0
398,20,25,230,0
399,20,29,230,0
400,20,1,230,0
401,20,3,230,0
402,20,4,230,0
403,20,11,230,0
404,20,14,230,0
405,20,15,230,0
406,20,18,230,0
407,20,19,230,0
408,20,21,230,0
409,21,25,230,0
410,21,29,230,0
411,21,1,230,0
412,21,3,230,0
413,21,4,230,0
414,21,11,230,0
415,21,14,230,0
416,21,15,230,0
417,21,18,230,0
418,21,19,230,0
419,25,0,231,0
420,25,2,231,0
421,25,5,231,0
422,25,7,231,0
423,25,8,231,0
424,25,19,231,0
425,25,21,231,0
426,29,0,231,0
427,29,2,231,0
428,29,5,231,0
429,29,7,231,0
430,29,8,231,0
431,29,19,231,0
432,29,21,231,0
433,1,0,231,0
434,1,2,231,0
435,1,5,231,0
436,1,7,231,0
437,1,8,231,0
438,1,19,231,0
439,1,21,231,0
440,3,0,231,0
441,3,2,231,0
442,3,5,231,0
443,3,7,231,0
444,3,8,231,0
445,3,19,231,0
446,3,21,231,0
447,4,0,231,0
448,4,2,231,0
449,4,5,231,0
450,4,7,231,0
451,4,8,231,0
452,4,19,231,0
453,4,21,231,0
454,11,0,231,0
455,11,2,231,0
456,11,5,231,0
457,11,7,231,0
458,11,8,231,0
459,11,19,231,0
460,11,21,231,0
461,14,0,231,0
462,14,2,231,0
463,14,5,231,0
464,14,7,231,0
465,14,8,231,0
466,14,19,231,0
467,14,21,231,0
468,15,0,231,0
469,15,2,231,0
470,15,5,231,0
471,15,7,231,0
472,15,8,231,0
473,15,19,231,0
474,15,21,231,0
475,18,0,231,0
476,18,2,231,0
477,18,5,231,0
478,18,7,231,0
479,18,8,231,0
480,18,19,231,0
481,18,21,231,0
482,19,0,231,0
483,19,2,231,0
484,19,5,231,0
485,19,7,231,0
486,19,8,231,0
487,19,21,231,0
488,21,0,231,0
489,21,2,231,0
490,21,5,231,0
491,21,7,231,0
492,21,8,231,0
493,21,19,231,0
494,0,10,236,0
495,6,10,236,0
496,27,14,239,0
497,2,27,239,0
498,2,14,239,0
499,4,27,239,0
500,4,14,239,0
501,6,27,239,0
502,6,14,239,0
503,7,27,239,0
504,7,14,239,0
505,8,27,239,0
506,8,14,239,0
507,11,27,239,0
508,11,14,239,0
509,28,4,243,0
510,28,10,243,0
511,28,12,243,0
512,28,14,243,0
513,28,16,243,0
514,0,28,243,0
515,0,4,243,0
516,0,10,243,0
517,0,12,243,0
518,0,14,243,0
519,0,16,243,0
520,1,28,243,0
521,1,4,243,0
522,1,10,243,0
523,1,12,243,0
524,1,14,243,0
525,1,16,243,0
526,2,28,243,0
527,2,4,243,0
528,2,10,243,0
529,2,12,243,0
530,2,14,243,0
531,2,16,243,0
532,3,28,243,0
533,3,4,243,0
534,3,10,243,0
535,3,12,243,0
536,3,14,243,0
537,3,16,243,0
538,4,28,243,0
539,4,10,243,0
540,4,12,243,0
541,4,14,243,0
542,4,16,243,0
543,5,28,243,0
544,5,4,243,0
545,5,10,243,0
546,5,12,243,0
547,5,14,243,0
548,5,16,243,0
549,6,28,243,0
550,6,4,243,0
551,6,10,243,0
552,6,12,243,0
553,6,14,243,0
554,6,16,243,0
555,7,28,243,0
556,7,4,243,0
557,7,10,243,0
558,7,12,243,0
559,7,14,243,0
560,7,16,243,0
561,8,28,243,0
562,8,4,243,0
563,8,10,243,0
564,8,12,243,0
565,8,14,243,0
566,8,16,243,0
567,9,28,243,0
568,9,4,243,0
569,9,10,243,0
570,9,12,243,0
571,9,14,243,0
572,9,16,243,0
573,10,28,243,0
574,10,4,243,0
575,10,12,243,0
576,10,14,243,0
577,10,16,243,0
578,12,28,243,0
579,12,4,243,0
580,12,10,243,0
581,12,14,243,0
582,12,16,243,0
583,13,28,243,0
584,13,4,243,0
585,13,10,243,0
586,13,12,243,0
587,13,14,243,0
588,13,16,243,0
589,14,28,243,0
590,14,4,243,0
591,14,10,243,0
592,14,12,243,0
593,14,16,243,0
594,15,28,243,0
595,15,4,243,0
596,15,10,243,0
597,15,12,243,0
598,15,14,243,0
599,15,16,243,0
600,16,28,243,0
601,16,4,243,0
602,16,10,243,0
603,16,12,243,0
604,16,14,243,0
605,18,28,243,0
606,18,4,243,0
607,18,10,243,0
608,18,12,243,0
609,18,14,243,0
610,18,16,243,0
611,19,28,243,0
612,19,4,243,0
613,19,10,243,0
614,19,12,243,0
615,19,14,243,0
616,19,16,243,0
617,20,28,243,0
618,20,4,243,0
619,20,10,243,0
620,20,12,243,0
621,20,14,243,0
622,20,16,243,0
623,21,28,243,0
624,21,4,243,0
625,21,10,243,0
626,21,12,243,0
627,21,14,243,0
628,21,16,243,0
629,28,27,244,0
630,28,4,244,0
631,28,9,244,0
632,28,10,244,0
633,28,15,244,0
634,28,16,244,0
635,28,18,244,0
636,28,21,244,0
637,4,27,244,0
638,4,9,244,0
639,4,10,244,0
640,4,15,244,0
641,4,16,244,0
642,4,18,244,0
643,4,21,244,0
644,10,27,244,0
645,10,4,244,0
646,10,9,244,0
647,10,15,244,0
648,10,16,244,0
649,10,18,244,0
650,10,21,244,0
651,12,27,244,0
652,12,4,244,0
653,12,9,244,0
654,12,10,244,0
655,12,15,244,0
656,12,16,244,0
657,12,18,244,0
658,12,21,244,0
659,14,27,244,0
660,14,4,244,0
661,14,9,244,0
662,14,10,244,0
663,14,15,244,0
664,14,16,244,0
665,14,18,244,0
666,14,21,244,0
667,16,27,244,0
668,16,4,244,0
669,16,9,244,0
670,16,10,244,0
671,16,15,244,0
672,16,18,244,0
673,16,21,244,0
674,27,23,245,0
675,27,0,245,0
676,27,13,245,0
677,27,15,245,0
678,27,18,245,0
679,27,20,245,0
680,27,21,245,0
681,4,23,245,0
682,4,0,245,0
683,4,13,245,0
684,4,15,245,0
685,4,18,245,0
686,4,20,245,0
687,4,21,245,0
688,9,23,245,0
689,9,0,245,0
690,9,13,245,0
691,9,15,245,0
692,9,18,245,0
693,9,20,245,0
694,9,21,245,0
695,10,23,245,0
696,10,0,245,0
697,10,13,245,0
698,10,15,245,0
699,10,18,245,0
700,10,20,245,0
701,10,21,245,0
702,15,23,245,0
703,15,0,245,0
704,15,13,245,0
705,15,18,245,0
706,15,20,245,0
707,15,21,245,0
708,16,23,245,0
709,16,0,245,0
710,16,13,245,0
711,16,15,245,0
712,16,18,245,0
713,16,20,245,0
714,16,21,245,0
715,18,23,245,0
716,18,0,245,0
717,18,13,245,0
718,18,15,245,0
719,18,20,245,0
720,18,21,245,0
721,21,23,245,0
722,21,0,245,0
723,21,13,245,0
724,21,15,245,0
725,21,18,245,0
726,21,20,245,0
727,5,25,250,0
728,5,3,250,0
729,5,4,250,0
730,5,6,250,0
731,5,14,250,0
732,13,25,250,0
733,13,3,250,0
734,13,4,250,0
735,13,5,250,0
736,13,6,250,0
737,13,14,250,0
738,14,25,250,0
739,14,3,250,0
740,14,4,250,0
741,14,5,250,0
742,14,6,250,0
743,28,2,253,0
744,28,4,253,0
745,28,10,253,0
746,28,12,253,0
747,28,16,253,0
748,28,20,253,0
749,27,29,259,0
750,27,2,259,0
751,27,3,259,0
752,27,13,259,0
753,28,27,259,0
754,28,29,259,0
755,28,2,259,0
756,28,3,259,0
757,28,13,259,0
758,3,27,259,0
759,3,29,259,0
760,3,2,259,0
761,3,13,259,0
762,4,27,259,0
763,4,29,259,0
764,4,2,259,0
765,4,3,259,0
766,4,13,259,0
767,5,27,259,0
768,5,29,259,0
769,5,2,259,0
770,5,3,259,0
771,5,13,259,0
772,6,27,259,0
773,6,29,259,0
774,6,2,259,0
775,6,3,259,0
776,6,13,259,0
777,9,27,259,0
778,9,29,259,0
779,9,2,259,0
780,9,3,259,0
781,9,13,259,0
782,11,27,259,0
783,11,29,259,0
784,11,2,259,0
785,11,3,259,0
786,11,13,259,0
787,13,27,259,0
788,13,29,259,0
789,13,2,259,0
790,13,3,259,0
791,14,27,259,0
792,14,29,259,0
793,14,2,259,0
794,14,3,259,0
795,14,13,259,0
796,20,27,259,0
797,20,29,259,0
798,20,2,259,0
799,20,3,259,0
800,20,13,259,0
801,27,10,260,0
802,29,10,260,0
803,2,10,260,0
804,3,10,260,0
805,13,10,260,0
806,2,12,264,0
807,14,12,264,0
808,15,12,264,0
809,20,12,264,0
810,21,12,264,0
811,12,27,265,0
812,12,2,265,0
813,12,3,265,0
814,12,4,265,0
815,12,9,265,0
816,12,16,265,0
817,12,20,265,0
818,12,21,265,0
819,2,27,266,0
820,3,27,266,0
821,4,27,266,0
822,9,27,266,0
823,12,27,266,0
824,16,27,266,0
825,20,27,266,0
826,21,27,266,0
827,27,13,267,0
828,28,27,271,0
829,5,27,271,0
830,5,28,271,0
831,14,27,271,0
832,14,28,271,0
833,27,3,272,0
834,28,3,272,0
835,3,21,273,0
836,21,27,274,0
837,21,3,274,0
838,21,4,274,0
839,21,12,274,0
840,21,14,274,0
841,21,15,274,0
842,21,16,274,0
843,21,18,274,0
844,21,20,274,0
845,27,23,281,0
846,27,25,281,0
847,27,6,281,0
848,25,3,285,0
849,27,3,285,0
850,28,3,285,0
851,29,3,285,0
852,1,3,285,0
853,2,3,285,0
854,4,3,285,0
855,7,3,285,0
856,8,3,285,0
857,9,3,285,0
858,10,3,285,0
859,11,3,285,0
860,12,3,285,0
861,15,3,285,0
862,16,3,285,0
863,19,3,285,0
864,20,3,285,0
865,21,3,285,0
866,3,25,286,0
867,3,9,286,0
868,3,12,286,0
869,3,18,286,0
870,2,12,293,0
871,2,21,293,0
872,10,12,293,0
873,10,21,293,0
874,11,12,293,0
875,11,21,293,0
876,12,21,293,0
877,16,12,293,0
878,16,21,293,0
879,18,12,293,0
880,18,21,293,0
881,21,12,293,0
882,12,28,294,0
883,21,28,294,0
884,28,27,295,0
885,3,11,299,0
886,4,11,299,0
887,14,11,299,0
888,11,12,300,0
889,11,16,300,0
890,11,20,300,0
891,11,21,300,0
892,12,15,301,0
893,12,21,301,0
894,16,12,301,0
895,16,15,301,0
896,16,21,301,0
897,20,12,301,0
898,20,15,301,0
899,20,21,301,0
900,21,12,301,0
901,21,15,301,0
902,12,27,302,0
903,12,10,302,0
904,12,15,302,0
905,12,18,302,0
906,15,27,302,0
907,15,10,302,0
908,15,18,302,0
909,21,27,302,0
910,21,10,302,0
911,21,15,302,0
912,21,18,302,0
913,2,5,306,0
914,4,5,306,0
915,11,5,306,0
916,12,5,306,0
917,14,5,306,0
918,21,5,306,0
919,5,13,307,0
920,5,14,307,0
921,4,11,313,0
922,4,21,313,0
923,13,4,313,0
924,13,11,313,0
925,13,21,313,0
926,14,4,313,0
927,14,11,313,0
928,14,21,313,0
929,28,14,327,0
930,3,14,327,0
931,4,14,327,0
932,20,14,327,0
933,11,28,330,0
934,14,28,330,0
935,2,4,334,0
936,10,4,334,0
937,14,4,334,0
938,21,4,334,0
939,4,2,335,0
940,4,3,335,0
941,2,5,336,0
942,3,5,336,0
943,4,5,336,0
944,5,12,337,0
945,5,14,337,0
946,2,4,342,0
947,2,15,342,0
948,3,4,342,0
949,3,15,342,0
950,4,15,342,0
951,12,4,342,0
952,12,15,342,0
953,4,12,343,0
954,15,12,343,0
955,14,23,348,0
956,14,25,348,0
957,23,5,349,0
958,25,23,349,0
959,25,5,349,0
960,23,28,350,0
961,23,4,350,0
962,5,28,350,0
963,5,4,350,0
964,28,5,351,0
965,28,13,351,0
966,4,5,351,0
967,4,13,351,0
968,28,23,362,0
969,28,2,362,0
970,28,3,362,0
971,28,4,362,0
972,28,5,362,0
973,28,13,362,0
974,4,23,362,0
975,4,2,362,0
976,4,3,362,0
977,4,5,362,0
978,4,13,362,0
979,12,23,362,0
980,12,2,362,0
981,12,3,362,0
982,12,4,362,0
983,12,5,362,0
984,12,13,362,0
985,23,3,363,0
986,23,4,363,0
987,23,10,363,0
988,23,12,363,0
989,23,21,363,0
990,2,3,363,0
991,2,4,363,0
992,2,10,363,0
993,2,12,363,0
994,2,21,363,0
995,3,4,363,0
996,3,10,363,0
997,3,12,363,0
998,3,21,363,0
999,4,3,363,0
1000,4,10,363,0
1001,4,12,363,0
1002,4,21,363,0
1003,5,3,363,0
1004,5,4,363,0
1005,5,10,363,0
1006,5,12,363,0
1007,5,21,363,0
1008,13,3,363,0
1009,13,4,363,0
1010,13,10,363,0
1011,13,12,363,0
1012,13,21,363,0
1013,3,23,364,0
1014,4,23,364,0
1015,10,23,364,0
1016,12,23,364,0
1017,21,23,364,0
1018,23,2,365,0
1019,23,18,369,0
1020,12,18,369,0
1021,18,3,370,0
1022,18,4,370,0
1023,18,5,370,0
1024,18,6,370,0
1025,18,14,370,0
1026,3,23,371,0
1027,4,23,371,0
1028,5,23,371,0
1029,6,23,371,0
1030,14,23,371,0
1031,23,28,372,0
1032,5,11,390,0
1033,5,18,390,0
1034,5,21,390,0
1035,14,11,390,0
1036,14,18,390,0
1037,14,21,390,0
1038,4,6,398,0
1039,4,13,398,0
1040,4,14,398,0
1041,16,4,398,0
1042,16,6,398,0
1043,16,13,398,0
1044,16,14,398,0
1045,3,14,404,0
1046,4,14,404,0
1047,6,14,404,0
1048,28,1,414,0
1049,28,4,414,0
1050,28,14,414,0
1051,25,28,418,0
1052,25,3,418,0
1053,25,21,418,0
1054,3,28,418,0
1055,3,21,418,0
1056,4,28,418,0
1057,4,3,418,0
1058,4,21,418,0
1059,12,28,418,0
1060,12,3,418,0
1061,12,21,418,0
1062,21,28,418,0
1063,21,3,418,0
1064,28,4,419,0
1065,3,4,419,0
1066,21,4,419,0
1067,16,21,440,0
1068,2,28,448,0
1069,2,21,448,0
1070,1,14,453,0
1071,10,14,453,0
1072,12,14,453,0
1073,19,14,453,0
1074,21,14,453,0
1075,14,5,454,0
1076,14,6,454,0
1077,14,9,454,0
1078,5,23,455,0
1079,5,2,455,0
1080,5,3,455,0
1081,5,4,455,0
1082,5,11,455,0
1083,5,12,455,0
1084,5,13,455,0
1085,5,16,455,0
1086,5,18,455,0
1087,5,21,455,0
1088,6,23,455,0
1089,6,2,455,0
1090,6,3,455,0
1091,6,4,455,0
1092,6,11,455,0
1093,6,12,455,0
1094,6,13,455,0
1095,6,16,455,0
1096,6,18,455,0
1097,6,21,455,0
1098,9,23,455,0
1099,9,2,455,0
1100,9,3,455,0
1101,9,4,455,0
1102,9,11,455,0
1103,9,12,455,0
1104,9,13,455,0
1105,9,16,455,0
1106,9,18,455,0
1107,9,21,455,0
1108,23,18,456,0
1109,23,21,456,0
1110,2,18,456,0
1111,2,21,456,0
1112,3,18,456,0
1113,3,21,456,0
1114,4,18,456,0
1115,4,21,456,0
1116,11,18,456,0
1117,11,21,456,0
1118,12,18,456,0
1119,12,21,456,0
1120,13,18,456,0
1121,13,21,456,0
1122,16,18,456,0
1123,16,21,456,0
1124,18,21,456,0
1125,21,18,456,0
1126,27,16,460,0
1127,12,16,460,0
1128,15,16,460,0
1129,19,16,460,0
1130,20,16,460,0
1131,16,6,461,0
1132,12,4,467,0
1133,12,14,467,0
1134,18,4,467,0
1135,18,14,467,0
1136,21,4,467,0
1137,21,14,467,0
1138,4,14,468,0
1139,12,10,474,0
1140,12,14,474,0
1141,12,15,474,0
1142,14,10,474,0
1143,14,12,474,0
1144,14,15,474,0
1145,5,23,481,0
1146,5,12,481,0
1147,14,21,488,0
1148,12,3,491,0
1149,21,3,491,0
1150,4,2,502,0
1151,4,21,502,0
1152,21,2,502,0
1153,28,4,510,0
1154,28,10,510,0
1155,13,11,516,0
1156,13,18,516,0
1157,13,21,516,0
1158,11,2,517,0
1159,11,3,517,0
1160,11,4,517,0
1161,11,10,517,0
1162,11,12,517,0
1163,11,18,517,0
1164,11,20,517,0
1165,18,2,517,0
1166,18,3,517,0
1167,18,4,517,0
1168,18,10,517,0
1169,18,12,517,0
1170,18,20,517,0
1171,21,2,517,0
1172,21,3,517,0
1173,21,4,517,0
1174,21,10,517,0
1175,21,12,517,0
1176,21,18,517,0
1177,21,20,517,0
1178,2,3,518,0
1179,2,4,518,0
1180,2,5,518,0
1181,2,6,518,0
1182,2,14,518,0
1183,2,18,518,0
1184,2,21,518,0
1185,3,2,518,0
1186,3,4,518,0
1187,3,5,518,0
1188,3,6,518,0
1189,3,14,518,0
1190,3,18,518,0
1191,3,21,518,0
1192,4,2,518,0
1193,4,3,518,0
1194,4,5,518,0
1195,4,6,518,0
1196,4,14,518,0
1197,4,18,518,0
1198,4,21,518,0
1199,10,2,518,0
1200,10,3,518,0
1201,10,4,518,0
1202,10,5,518,0
1203,10,6,518,0
1204,10,14,518,0
1205,10,18,518,0
1206,10,21,518,0
1207,12,2,518,0
1208,12,3,518,0
1209,12,4,518,0
1210,12,5,518,0
1211,12,6,518,0
1212,12,14,518,0
1213,12,18,518,0
1214,12,21,518,0
1215,18,2,518,0
1216,18,3,518,0
1217,18,4,518,0
1218,18,5,518,0
1219,18,6,518,0
1220,18,14,518,0
1221,18,21,518,0
1222,20,2,518,0
1223,20,3,518,0
1224,20,4,518,0
1225,20,5,518,0
1226,20,6,518,0
1227,20,14,518,0
1228,20,18,518,0
1229,20,21,518,0
1230,2,4,519,0
1231,2,14,519,0
1232,3,4,519,0
1233,3,14,519,0
1234,4,14,519,0
1235,5,4,519,0
1236,5,14,519,0
1237,6,4,519,0
1238,6,14,519,0
1239,14,4,519,0
1240,18,4,519,0
1241,18,14,519,0
1242,21,4,519,0
1243,21,14,519,0
1244,17,15,523,0
1245,17,16,523,0
1246,15,17,524,0
1247,16,17,524,0
1248,17,16,525,0
1249,16,17,526,0
1250,16,15,531,0
1251,15,2,532,0
1252,15,3,532,0
1253,15,4,532,0
1254,2,17,533,0
1255,3,17,533,0
1256,4,17,533,0
1257,15,17,533,0
1258,23,17,544,0
1259,25,17,544,0
1260,28,17,544,0
1261,13,17,544,0
1262,14,17,544,0
1263,21,17,544,0
1264,28,10,547,0
1265,28,17,547,0
1266,21,10,547,0
1267,21,17,547,0
1268,4,17,554,0
1269,28,10,558,0
1270,28,17,558,0
1271,10,17,559,0
1272,4,12,572,0
1273,14,12,572,0
1274,1,12,580,0
1275,1,21,580,0
1276,2,12,580,0
1277,2,21,580,0
1278,3,12,580,0
1279,3,21,580,0
1280,4,12,580,0
1281,4,21,580,0
1282,5,12,580,0
1283,5,21,580,0
1284,6,12,580,0
1285,6,21,580,0
1286,7,12,580,0
1287,7,21,580,0
1288,8,12,580,0
1289,8,21,580,0
1290,11,12,580,0
1291,11,21,580,0
1292,12,21,580,0
1293,13,12,580,0
1294,13,21,580,0
1295,14,12,580,0
1296,14,21,580,0
1297,17,12,580,0
1298,17,21,580,0
1299,21,12,580,0
1300,12,2,581,0
1301,12,3,581,0
1302,12,4,581,0
1303,12,10,581,0
1304,12,11,581,0
1305,12,17,581,0
1306,12,18,581,0
1307,12,21,581,0
1308,21,2,581,0
1309,21,3,581,0
1310,21,4,581,0
1311,21,10,581,0
1312,21,11,581,0
1313,21,17,581,0
1314,21,18,581,0
1315,2,16,582,0
1316,3,16,582,0
1317,4,16,582,0
1318,10,16,582,0
1319,11,16,582,0
1320,17,16,582,0
1321,18,16,582,0
1322,21,16,582,0
1323,17,12,587,0
1324,17,16,587,0
1325,27,17,595,0
1326,17,2,596,0
1327,17,4,596,0
1328,17,7,596,0
1329,17,10,596,0
1330,17,12,596,0
1331,2,3,601,0
1332,2,14,601,0
1333,4,3,601,0
1334,4,14,601,0
1335,17,3,601,0
1336,17,14,601,0
1337,21,3,601,0
1338,21,14,601,0
1339,3,21,602,0
1340,14,21,602,0
1341,16,17,607,0
1342,6,14,614,0
1343,14,10,615,0
1344,14,12,615,0
1345,10,5,616,0
1346,10,6,616,0
1347,12,5,616,0
1348,12,6,616,0
1349,5,4,617,0
1350,5,12,617,0
1351,6,4,617,0
1352,6,12,617,0
1353,2,3,623,0
1354,4,3,623,0
1355,17,3,623,0
1356,3,10,624,0
1357,10,4,637,0
1358,4,18,638,0
1359,4,21,638,0
1360,13,17,649,0
1361,17,3,650,0
1362,3,4,651,0
1363,3,15,652,0
1364,4,15,652,0
1365,15,12,658,0
1366,15,21,658,0
1367,17,15,665,0
1368,17,16,665,0
1369,4,3,679,0
1370,4,5,679,0
1371,17,3,679,0
1372,17,4,679,0
1373,17,5,679,0
1374,4,2,686,0
1375,14,2,686,0
1376,17,2,686,0
1377,4,3,713,0
1378,4,10,713,0
1379,4,12,713,0
1380,4,21,713,0
1381,12,3,713,0
1382,12,10,713,0
1383,12,21,713,0
1384,17,3,713,0
1385,17,10,713,0
1386,17,12,713,0
1387,17,21,713,0
1388,18,3,713,0
1389,18,10,713,0
1390,18,12,713,0
1391,18,21,713,0
1392,20,3,713,0
1393,20,10,713,0
1394,20,12,713,0
1395,20,21,713,0
1396,21,3,713,0
1397,21,10,713,0
1398,21,12,713,0
1399,3,5,721,0
1400,4,5,721,0
1401,3,5,727,0
1402,5,18,728,0
1403,5,21,728,0
1404,18,12,729,0
1405,18,21,729,0
1406,21,12,729,0
1407,4,11,733,0
1408,4,12,733,0
1409,4,21,733,0
1410,27,17,747,0
1411,4,17,747,0
1412,6,17,747,0
1413,12,17,747,0
1414,28,10,750,0
1415,28,12,750,0
1416,10,17,770,0
1417,12,17,770,0
1418,21,17,770,0
1419,25,29,776,0
1420,25,12,776,0
1421,17,25,776,0
1422,17,29,776,0
1423,17,12,776,0
1424,17,28,784,0
1425,17,4,784,0
1426,4,29,792,0
1427,10,29,792,0
1428,15,29,792,0
1429,3,4,796,0
1430,3,21,796,0
1431,17,12,799,0
1432,17,4,803,0
1433,28,6,810,0
1434,28,11,810,0
1435,14,6,810,0
1436,14,11,810,0
1437,17,6,810,0
1438,17,11,810,0
1439,6,28,811,0
1440,6,3,811,0
1441,11,28,811,0
1442,11,3,811,0
1443,28,2,812,0
1444,28,15,812,0
1445,28,17,812,0
1446,28,18,812,0
1447,28,21,812,0
1448,3,2,812,0
1449,3,15,812,0
1450,3,17,812,0
1451,3,18,812,0
1452,3,21,812,0
1453,14,28,817,0
1454,14,11,817,0
1455,15,28,817,0
1456,15,11,817,0
1457,5,17,820,0
1458,6,17,820,0
1459,11,17,820,0
1460,6,17,834,0
1461,3,21,853,0
1462,4,21,853,0
1463,6,21,853,0
1464,12,5,860,0
1465,12,6,860,0
1466,5,29,861,0
1467,6,29,861,0
1468,3,29,867,0
1469,3,14,867,0
1470,4,29,867,0
1471,4,14,867,0
1472,5,29,867,0
1473,5,14,867,0
1474,12,29,867,0
1475,12,14,867,0
1476,21,29,867,0
1477,21,14,867,0
1478,29,14,868,0
1479,14,15,880,0
1480,14,16,880,0
1481,17,15,880,0
1482,17,16,880,0
1483,11,28,888,0
1484,11,10,888,0
1485,17,28,888,0
1486,17,10,888,0
1487,17,11,888,0
1488,18,28,888,0
1489,18,10,888,0
1490,18,11,888,0
1491,21,28,888,0
1492,21,10,888,0
1493,21,11,888,0
1494,12,28,902,0
1495,12,29,902,0
1496,29,28,903,0
1497,28,12,910,0
1498,5,12,910,0
1499,12,4,911,0
1500,12,2,916,0
1501,12,3,916,0
1502,12,4,916,0
1503,12,6,916,0
1504,12,10,916,0
1505,12,17,916,0
1506,2,11,917,0
1507,3,11,917,0
1508,4,11,917,0
1509,6,11,917,0
1510,10,11,917,0
1511,17,11,917,0
1512,28,2,922,0
1513,28,3,922,0
1514,28,4,922,0
1515,28,5,922,0
1516,28,6,922,0
1517,28,9,922,0
1518,28,14,922,0
1519,28,17,922,0
1520,28,18,922,0
1521,28,21,922,0
1522,29,2,922,0
1523,29,3,922,0
1524,29,4,922,0
1525,29,5,922,0
1526,29,6,922,0
1527,29,9,922,0
1528,29,14,922,0
1529,29,17,922,0
1530,29,18,922,0
1531,29,21,922,0
1532,17,2,922,0
1533,17,3,922,0
1534,17,4,922,0
1535,17,5,922,0
1536,17,6,922,0
1537,17,9,922,0
1538,17,14,922,0
1539,17,18,922,0
1540,17,21,922,0
1541,2,28,923,0
1542,2,12,923,0
1543,3,28,923,0
1544,3,12,923,0
1545,4,28,923,0
1546,4,12,923,0
1547,5,28,923,0
1548,5,12,923,0
1549,6,28,923,0
1550,6,12,923,0
1551,9,28,923,0
1552,9,12,923,0
1553,14,28,923,0
1554,14,12,923,0
1555,17,28,923,0
1556,17,12,923,0
1557,18,28,923,0
1558,18,12,923,0
1559,21,28,923,0
1560,21,12,923,0
1561,2,10,932,0
1562,2,11,932,0
1563,2,12,932,0
1564,2,21,932,0
1565,3,10,932,0
1566,3,11,932,0
1567,3,12,932,0
1568,3,21,932,0
1569,4,10,932,0
1570,4,11,932,0
1571,4,12,932,0
1572,4,21,932,0
1573,5,10,932,0
1574,5,11,932,0
1575,5,12,932,0
1576,5,21,932,0
1577,6,10,932,0
1578,6,11,932,0
1579,6,12,932,0
1580,6,21,932,0
1581,17,10,932,0
1582,17,11,932,0
1583,17,12,932,0
1584,17,21,932,0
1585,29,27,936,0
1586,29,12,936,0
1587,2,27,936,0
1588,2,12,936,0
1589,3,27,936,0
1590,3,12,936,0
1591,4,27,936,0
1592,4,12,936,0
1593,14,27,936,0
1594,14,12,936,0
1595,17,27,936,0
1596,17,12,936,0
1597,27,29,937,0
1598,27,15,937,0
1599,12,27,937,0
1600,12,29,937,0
1601,12,15,937,0
1602,27,11,938,0
1603,29,11,938,0
1604,15,11,938,0
1605,11,27,939,0
1606,11,28,939,0
1607,11,29,939,0
1608,11,2,939,0
1609,11,12,939,0
1610,4,2,943,0
1611,4,3,943,0
1612,4,18,943,0
1613,4,21,943,0
1614,2,5,944,0
1615,2,6,944,0
1616,2,16,944,0
1617,3,5,944,0
1618,3,6,944,0
1619,3,16,944,0
1620,4,5,944,0
1621,4,6,944,0
1622,4,16,944,0
1623,18,5,944,0
1624,18,6,944,0
1625,18,16,944,0
1626,21,5,944,0
1627,21,6,944,0
1628,21,16,944,0
1629,5,20,945,0
1630,6,20,945,0
1631,16,20,945,0
1632,3,5,951,0
1633,3,6,951,0
1634,3,9,951,0
1635,3,17,951,0
1636,3,18,951,0
1637,3,21,951,0
1638,5,3,951,0
1639,5,6,951,0
1640,5,9,951,0
1641,5,17,951,0
1642,5,18,951,0
1643,5,21,951,0
1644,6,3,951,0
1645,6,5,951,0
1646,6,9,951,0
1647,6,17,951,0
1648,6,18,951,0
1649,6,21,951,0
1650,3,27,952,0
1651,3,28,952,0
1652,3,29,952,0
1653,3,4,952,0
1654,3,12,952,0
1655,5,27,952,0
1656,5,28,952,0
1657,5,29,952,0
1658,5,4,952,0
1659,5,12,952,0
1660,6,27,952,0
1661,6,28,952,0
1662,6,29,952,0
1663,6,4,952,0
1664,6,12,952,0
1665,9,27,952,0
1666,9,28,952,0
1667,9,29,952,0
1668,9,4,952,0
1669,9,12,952,0
1670,17,27,952,0
1671,17,28,952,0
1672,17,29,952,0
1673,17,4,952,0
1674,17,12,952,0
1675,18,27,952,0
1676,18,28,952,0
1677,18,29,952,0
1678,18,4,952,0
1679,18,12,952,0
1680,21,27,952,0
1681,21,28,952,0
1682,21,29,952,0
1683,21,4,952,0
1684,21,12,952,0
1685,27,6,953,0
1686,28,6,953,0
1687,29,6,953,0
1688,4,6,953,0
1689,12,6,953,0
1690,27,28,957,0
1691,27,14,957,0
1692,12,28,957,0
1693,12,14,957,0
1694,2,4,964,0
1695,2,15,964,0
1696,2,17,964,0
1697,14,4,964,0
1698,14,15,964,0
1699,14,17,964,0
1700,4,28,965,0
1701,4,29,965,0
1702,15,28,965,0
1703,15,29,965,0
1704,17,28,965,0
1705,17,29,965,0
1706,4,28,971,0
1707,14,28,971,0
1708,28,29,974,0
1709,28,27,978,0
1710,27,21,979,0
1711,28,17,985,0
1712,28,5,994,0
1713,28,6,994,0
1714,28,9,994,0
1715,5,28,995,0
1716,6,28,995,0
1717,9,28,995,0
1718,4,28,999,0
1719,5,28,999,0
1720,5,4,999,0
1721,6,28,999,0
1722,6,4,999,0
1723,17,28,999,0
1724,17,4,999,0
1725,28,27,1000,0
1726,28,3,1000,0
1727,28,4,1000,0
1728,28,5,1000,0
1729,28,11,1000,0
1730,28,12,1000,0
1731,28,18,1000,0
1732,28,21,1000,0
1733,4,27,1000,0
1734,4,28,1000,0
1735,4,3,1000,0
1736,4,5,1000,0
1737,4,11,1000,0
1738,4,12,1000,0
1739,4,18,1000,0
1740,4,21,1000,0
1741,27,18,1001,0
1742,28,18,1001,0
1743,3,18,1001,0
1744,4,18,1001,0
1745,5,18,1001,0
1746,11,18,1001,0
1747,12,18,1001,0
1748,21,18,1001,0
1749,28,27,1007,0
1750,27,17,1008,0
1751,17,3,1009,0
1752,17,4,1009,0
1753,17,5,1009,0
1754,17,6,1009,0
1755,17,11,1009,0
1756,17,12,1009,0
1757,17,14,1009,0
1758,17,15,1009,0
1759,17,16,1009,0
1760,17,18,1009,0
1761,17,21,1009,0
1762,6,3,1022,0
1763,6,5,1022,0
1764,6,11,1022,0
1765,6,14,1022,0
1766,6,17,1022,0
1767,6,18,1022,0
1768,6,20,1022,0
1769,6,21,1022,0
1770,3,2,1023,0
1771,3,4,1023,0
1772,3,6,1023,0
1773,3,8,1023,0
1774,3,11,1023,0
1775,3,14,1023,0
1776,3,18,1023,0
1777,3,21,1023,0
1778,5,2,1023,0
1779,5,3,1023,0
1780,5,4,1023,0
1781,5,6,1023,0
1782,5,8,1023,0
1783,5,11,1023,0
1784,5,14,1023,0
1785,5,18,1023,0
1786,5,21,1023,0
1787,6,2,1023,0
1788,6,3,1023,0
1789,6,4,1023,0
1790,6,8,1023,0
1791,6,11,1023,0
1792,6,14,1023,0
1793,6,18,1023,0
1794,6,21,1023,0
1795,11,2,1023,0
1796,11,3,1023,0
1797,11,4,1023,0
1798,11,6,1023,0
1799,11,8,1023,0
1800,11,14,1023,0
1801,11,18,1023,0
1802,11,21,1023,0
1803,14,2,1023,0
1804,14,3,1023,0
1805,14,4,1023,0
1806,14,6,1023,0
1807,14,8,1023,0
1808,14,11,1023,0
1809,14,18,1023,0
1810,14,21,1023,0
1811,17,2,1023,0
1812,17,3,1023,0
1813,17,4,1023,0
1814,17,6,1023,0
1815,17,8,1023,0
1816,17,11,1023,0
1817,17,14,1023,0
1818,17,18,1023,0
1819,17,21,1023,0
1820,18,2,1023,0
1821,18,3,1023,0
1822,18,4,1023,0
1823,18,6,1023,0
1824,18,8,1023,0
1825,18,11,1023,0
1826,18,14,1023,0
1827,18,21,1023,0
1828,20,2,1023,0
1829,20,3,1023,0
1830,20,4,1023,0
1831,20,6,1023,0
1832,20,8,1023,0
1833,20,11,1023,0
1834,20,14,1023,0
1835,20,18,1023,0
1836,20,21,1023,0
1837,21,2,1023,0
1838,21,3,1023,0
1839,21,4,1023,0
1840,21,6,1023,0
1841,21,8,1023,0
1842,21,11,1023,0
1843,21,14,1023,0
1844,21,18,1023,0
1845,28,24,1029,0
1846,28,3,1029,0
1847,28,4,1029,0
1848,28,5,1029,0
1849,28,6,1029,0
1850,28,10,1029,0
1851,28,21,1029,0
1852,4,5,1051,0
1853,4,6,1051,0
1854,4,12,1051,0
1855,4,16,1051,0
1856,4,18,1051,0
1857,17,5,1051,0
1858,17,6,1051,0
1859,17,12,1051,0
1860,17,16,1051,0
1861,17,18,1051,0
1862,4,28,1058,0
1863,17,28,1064,0
1864,17,29,1064,0
1865,17,2,1064,0
1866,17,3,1064,0
1867,17,4,1064,0
1868,17,5,1064,0
1869,17,10,1064,0
1870,17,11,1064,0
1871,17,12,1064,0
1872,17,14,1064,0
1873,17,15,1064,0
1874,28,29,1065,0
1875,2,29,1065,0
1876,3,29,1065,0
1877,4,29,1065,0
1878,5,29,1065,0
1879,10,29,1065,0
1880,11,29,1065,0
1881,12,29,1065,0
1882,14,29,1065,0
1883,15,29,1065,0
1884,17,29,1065,0
1885,27,2,1076,0
1886,27,5,1076,0
1887,27,6,1076,0
1888,27,15,1076,0
1889,27,16,1076,0
1890,28,2,1076,0
1891,28,5,1076,0
1892,28,6,1076,0
1893,28,15,1076,0
1894,28,16,1076,0
1895,3,2,1076,0
1896,3,5,1076,0
1897,3,6,1076,0
1898,3,15,1076,0
1899,3,16,1076,0
1900,10,2,1076,0
1901,10,5,1076,0
1902,10,6,1076,0
1903,10,15,1076,0
1904,10,16,1076,0
1905,2,28,1077,0
1906,5,28,1077,0
1907,6,28,1077,0
1908,15,28,1077,0
1909,16,28,1077,0
1910,28,14,1078,0
1911,14,29,1079,0
1912,3,23,1085,0
1913,3,0,1085,0
1914,3,2,1085,0
1915,3,4,1085,0
1916,3,15,1085,0
1917,4,23,1085,0
1918,4,0,1085,0
1919,4,2,1085,0
1920,4,15,1085,0
1921,5,23,1085,0
1922,5,0,1085,0
1923,5,2,1085,0
1924,5,4,1085,0
1925,5,15,1085,0
1926,6,23,1085,0
1927,6,0,1085,0
1928,6,2,1085,0
1929,6,4,1085,0
1930,6,15,1085,0
1931,7,23,1085,0
1932,7,0,1085,0
1933,7,2,1085,0
1934,7,4,1085,0
1935,7,15,1085,0
1936,14,23,1085,0
1937,14,0,1085,0
1938,14,2,1085,0
1939,14,4,1085,0
1940,14,15,1085,0
1941,15,23,1085,0
1942,15,0,1085,0
1943,15,2,1085,0
1944,15,4,1085,0
1945,21,23,1085,0
1946,21,0,1085,0
1947,21,2,1085,0
1948,21,4,1085,0
1949,21,15,1085,0
1950,23,2,1086,0
1951,23,3,1086,0
1952,23,4,1086,0
1953,23,10,1086,0
1954,23,14,1086,0
1955,0,2,1086,0
1956,0,3,1086,0
1957,0,4,1086,0
1958,0,10,1086,0
1959,0,14,1086,0
1960,2,3,1086,0
1961,2,4,1086,0
1962,2,10,1086,0
1963,2,14,1086,0
1964,4,2,1086,0
1965,4,3,1086,0
1966,4,10,1086,0
1967,4,14,1086,0
1968,15,2,1086,0
1969,15,3,1086,0
1970,15,4,1086,0
1971,15,10,1086,0
1972,15,14,1086,0
1973,17,28,1091,0
1974,21,28,1091,0
1975,28,5,1092,0
1976,5,10,1093,0
1977,2,28,1099,0
1978,4,28,1099,0
1979,6,28,1099,0
1980,12,28,1099,0
1981,18,28,1099,0
1982,21,28,1099,0
1983,28,11,1100,0
1984,28,18,1100,0
1985,28,21,1100,0
1986,10,4,1112,0
1987,10,21,1112,0
1988,11,4,1112,0
1989,11,21,1112,0
1990,12,4,1112,0
1991,12,21,1112,0
1992,21,4,1112,0
1993,4,29,1113,0
1994,4,10,1113,0
1995,21,29,1113,0
1996,21,10,1113,0
1997,4,2,1126,0
1998,4,3,1126,0
1999,4,21,1126,0
2000,2,29,1127,0
2001,2,10,1127,0
2002,2,11,1127,0
2003,3,29,1127,0
2004,3,10,1127,0
2005,3,11,1127,0
2006,4,29,1127,0
2007,4,10,1127,0
2008,4,11,1127,0
2009,21,29,1127,0
2010,21,10,1127,0
2011,21,11,1127,0
2012,29,10,1128,0
2013,29,12,1128,0
2014,10,12,1128,0
2015,11,10,1128,0
2016,11,12,1128,0
2017,23,26,1153,0
2018,23,28,1153,0
2019,23,4,1153,0
2020,23,6,1153,0
2021,23,8,1153,0
2022,23,11,1153,0
2023,23,12,1153,0
2024,23,15,1153,0
2025,23,16,1153,0
2026,23,17,1153,0
2027,23,20,1153,0
2028,27,26,1153,0
2029,27,28,1153,0
2030,27,4,1153,0
2031,27,6,1153,0
2032,27,8,1153,0
2033,27,11,1153,0
2034,27,12,1153,0
2035,27,15,1153,0
2036,27,16,1153,0
2037,27,17,1153,0
2038,27,20,1153,0
2039,10,26,1153,0
2040,10,28,1153,0
2041,10,4,1153,0
2042,10,6,1153,0
2043,10,8,1153,0
2044,10,11,1153,0
2045,10,12,1153,0
2046,10,15,1153,0
2047,10,16,1153,0
2048,10,17,1153,0
2049,10,20,1153,0
2050,12,26,1153,0
2051,12,28,1153,0
2052,12,4,1153,0
2053,12,6,1153,0
2054,12,8,1153,0
2055,12,11,1153,0
2056,12,15,1153,0
2057,12,16,1153,0
2058,12,17,1153,0
2059,12,20,1153,0
2060,12,21,1162,0
2061,6,3,1167,0
2062,11,3,1167,0
2063,14,3,1167,0
2064,28,26,1175,0
2065,28,10,1175,0
2066,3,26,1175,0
2067,3,10,1175,0
2068,4,26,1175,0
2069,4,10,1175,0
2070,6,26,1175,0
2071,6,10,1175,0
2072,11,26,1175,0
2073,11,10,1175,0
2074,12,26,1175,0
2075,12,10,1175,0
2076,14,26,1175,0
2077,14,10,1175,0
2078,17,26,1175,0
2079,17,10,1175,0
2080,28,2,1183,0
2081,28,4,1183,0
2082,2,23,1184,0
2083,2,24,1184,0
2084,2,27,1184,0
2085,2,28,1184,0
2086,2,6,1184,0
2087,2,10,1184,0
2088,2,12,1184,0
2089,2,13,1184,0
2090,4,23,1184,0
2091,4,24,1184,0
2092,4,27,1184,0
2093,4,28,1184,0
2094,4,6,1184,0
2095,4,10,1184,0
2096,4,12,1184,0
2097,4,13,1184,0
2098,28,3,1188,0
2099,28,11,1188,0
2100,28,18,1188,0
2101,28,21,1188,0
2102,25,26,1191,0
2103,25,5,1191,0
2104,25,12,1191,0
2105,25,17,1191,0
2106,28,26,1191,0
2107,28,5,1191,0
2108,28,12,1191,0
2109,28,17,1191,0
2110,29,26,1191,0
2111,29,5,1191,0
2112,29,12,1191,0
2113,29,17,1191,0
2114,0,26,1191,0
2115,0,5,1191,0
2116,0,12,1191,0
2117,0,17,1191,0
2118,3,26,1191,0
2119,3,5,1191,0
2120,3,12,1191,0
2121,3,17,1191,0
2122,4,26,1191,0
2123,4,5,1191,0
2124,4,12,1191,0
2125,4,17,1191,0
2126,5,26,1191,0
2127,5,12,1191,0
2128,5,17,1191,0
2129,6,26,1191,0
2130,6,5,1191,0
2131,6,12,1191,0
2132,6,17,1191,0
2133,7,26,1191,0
2134,7,5,1191,0
2135,7,12,1191,0
2136,7,17,1191,0
2137,8,26,1191,0
2138,8,5,1191,0
2139,8,12,1191,0
2140,8,17,1191,0
2141,9,26,1191,0
2142,9,5,1191,0
2143,9,12,1191,0
2144,9,17,1191,0
2145,10,26,1191,0
2146,10,5,1191,0
2147,10,12,1191,0
2148,10,17,1191,0
2149,12,26,1191,0
2150,12,5,1191,0
2151,12,17,1191,0
2152,13,26,1191,0
2153,13,5,1191,0
2154,13,12,1191,0
2155,13,17,1191,0
2156,14,26,1191,0
2157,14,5,1191,0
2158,14,12,1191,0
2159,14,17,1191,0
2160,15,26,1191,0
2161,15,5,1191,0
2162,15,12,1191,0
2163,15,17,1191,0
2164,17,26,1191,0
2165,17,5,1191,0
2166,17,12,1191,0
2167,18,26,1191,0
2168,18,5,1191,0
2169,18,12,1191,0
2170,18,17,1191,0
2171,20,26,1191,0
2172,20,5,1191,0
2173,20,12,1191,0
2174,20,17,1191,0
2175,21,26,1191,0
2176,21,5,1191,0
2177,21,12,1191,0
2178,21,17,1191,0
2179,28,9,1202,0
2180,28,12,1202,0
2181,11,9,1202,0
2182,11,12,1202,0
2183,9,28,1203,0
2184,9,14,1203,0
2185,12,28,1203,0
2186,12,14,1203,0
2187,28,2,1210,0
2188,28,4,1210,0
2189,28,5,1210,0
2190,28,6,1210,0
2191,28,8,1210,0
2192,28,10,1210,0
2193,28,12,1210,0
2194,28,14,1210,0
2195,2,29,1211,0
2196,4,29,1211,0
2197,5,29,1211,0
2198,6,29,1211,0
2199,8,29,1211,0
2200,10,29,1211,0
2201,12,29,1211,0
2202,14,29,1211,0
2203,28,4,1223,0
2204,26,2,1251,0
2205,26,12,1251,0
2206,26,17,1251,0
2207,28,2,1251,0
2208,28,12,1251,0
2209,28,17,1251,0
2210,5,2,1251,0
2211,5,12,1251,0
2212,5,17,1251,0
2213,6,2,1251,0
2214,6,12,1251,0
2215,6,17,1251,0
2216,12,2,1251,0
2217,12,17,1251,0
2218,14,2,1251,0
2219,14,12,1251,0
2220,14,17,1251,0
2221,17,2,1251,0
2222,17,12,1251,0
2223,21,2,1251,0
2224,21,12,1251,0
2225,21,17,1251,0
2226,2,3,1252,0
2227,2,4,1252,0
2228,2,11,1252,0
2229,2,17,1252,0
2230,2,18,1252,0
2231,2,21,1252,0
2232,12,3,1252,0
2233,12,4,1252,0
2234,12,11,1252,0
2235,12,17,1252,0
2236,12,18,1252,0
2237,12,21,1252,0
2238,17,3,1252,0
2239,17,4,1252,0
2240,17,11,1252,0
2241,17,18,1252,0
2242,17,21,1252,0
2243,28,14,1258,0
2244,14,28,1268,0
2245,14,4,1268,0
2246,14,17,1268,0
2247,3,5,1273,0
2248,3,6,1273,0
2249,4,5,1273,0
2250,4,6,1273,0
2251,16,5,1273,0
2252,16,6,1273,0
2253,20,5,1273,0
2254,20,6,1273,0
2255,5,16,1274,0
2256,6,16,1274,0
2257,28,3,1287,0
2258,28,4,1287,0
2259,28,9,1287,0
2260,28,17,1287,0
2261,28,21,1287,0
2262,6,3,1287,0
2263,6,4,1287,0
2264,6,9,1287,0
2265,6,17,1287,0
2266,6,21,1287,0
2267,14,3,1287,0
2268,14,4,1287,0
2269,14,9,1287,0
2270,14,17,1287,0
2271,14,21,1287,0
2272,3,29,1288,0
2273,4,29,1288,0
2274,9,29,1288,0
2275,17,29,1288,0
2276,21,29,1288,0
2277,6,28,1296,0
2278,11,28,1296,0
2279,23,5,1314,0
2280,23,14,1314,0
2281,28,5,1314,0
2282,28,14,1314,0
2283,29,5,1314,0
2284,29,14,1314,0
2285,13,5,1314,0
2286,13,14,1314,0
2287,3,28,1330,0
2288,4,28,1330,0
2289,28,4,1331,0
2290,28,14,1331,0
2291,28,17,1331,0
2292,28,17,1342,0
2293,3,28,1345,0
2294,28,29,1349,0
2295,2,29,1349,0
2296,4,29,1349,0
2297,17,28,1358,0
2298,17,4,1358,0
2299,21,3,1365,0
2300,21,5,1365,0
2301,3,1,1366,0
2302,3,11,1366,0
2303,3,12,1366,0
2304,3,14,1366,0
2305,5,1,1366,0
2306,5,11,1366,0
2307,5,12,1366,0
2308,5,14,1366,0
2309,4,28,1379,0
2310,28,29,1380,0
2311,17,4,1384,0
2312,5,8,1387,0
2313,5,15,1387,0
2314,6,5,1387,0
2315,6,8,1387,0
2316,6,15,1387,0
2317,8,5,1387,0
2318,8,15,1387,0
2319,20,5,1387,0
2320,20,8,1387,0
2321,20,15,1387,0
2322,28,4,1391,0
2323,6,12,1394,0
2324,6,18,1394,0
2325,6,21,1394,0
2326,5,15,1399,0
2327,8,4,1405,0
2328,8,10,1405,0
2329,8,21,1405,0
2330,17,3,1422,1
2331,17,4,1433,1
2332,28,17,1461,1
2333,17,28,1462,1
2334,28,29,1463,1
2335,4,28,1483,1
2336,14,28,1483,1
2337,14,4,1496,1
2338,14,28,1519,1
2339,28,4,1545,1
2340,12,28,1545,1
2341,12,4,1545,1
2342,28,5,1546,1
2343,4,5,1546,1
2344,5,1,1547,1
2345,5,4,1547,1
2346,5,14,1547,1
2347,5,17,1547,1
2348,28,0,1559,1
2349,28,1,1559,1
2350,28,2,1559,1
2351,28,3,1559,1
2352,28,4,1559,1
2353,28,10,1559,1
2354,28,11,1559,1
2355,28,12,1559,1
2356,28,14,1559,1
2357,28,15,1559,1
2358,28,17,1559,1
2359,28,18,1559,1
2360,28,20,1559,1
2361,28,21,1559,1
2362,0,4,1560,1
2363,1,4,1560,1
2364,2,4,1560,1
2365,3,4,1560,1
2366,10,4,1560,1
2367,11,4,1560,1
2368,12,4,1560,1
2369,14,4,1560,1
2370,15,4,1560,1
2371,17,4,1560,1
2372,18,4,1560,1
2373,20,4,1560,1
2374,21,4,1560,1
2375,4,16,1574,1
2376,17,4,1574,1
2377,17,16,1574,1
2378,17,5,1582,1
2379,17,18,1582,1
2380,21,5,1582,1
2381,21,18,1582,1
2382,5,17,1583,1
2383,5,21,1583,1
2384,18,17,1583,1
2385,18,21,1583,1
2386,0,23,1589,1
2387,0,29,1589,1
2388,0,1,1589,1
2389,0,2,1589,1
2390,0,3,1589,1
2391,0,4,1589,1
2392,0,10,1589,1
2393,0,12,1589,1
2394,0,15,1589,1
2395,0,16,1589,1
2396,0,17,1589,1
2397,0,21,1589,1
2398,3,23,1589,1
2399,3,29,1589,1
2400,3,1,1589,1
2401,3,2,1589,1
2402,3,4,1589,1
2403,3,10,1589,1
2404,3,12,1589,1
2405,3,15,1589,1
2406,3,16,1589,1
2407,3,17,1589,1
2408,3,21,1589,1
2409,4,23,1589,1
2410,4,29,1589,1
2411,4,1,1589,1
2412,4,2,1589,1
2413,4,3,1589,1
2414,4,10,1589,1
2415,4,12,1589,1
2416,4,15,1589,1
2417,4,16,1589,1
2418,4,17,1589,1
2419,4,21,1589,1
2420,11,23,1589,1
2421,11,29,1589,1
2422,11,1,1589,1
2423,11,2,1589,1
2424,11,3,1589,1
2425,11,4,1589,1
2426,11,10,1589,1
2427,11,12,1589,1
2428,11,15,1589,1
2429,11,16,1589,1
2430,11,17,1589,1
2431,11,21,1589,1
2432,12,23,1589,1
2433,12,29,1589,1
2434,12,1,1589,1
2435,12,2,1589,1
2436,12,3,1589,1
2437,12,4,1589,1
2438,12,10,1589,1
2439,12,15,1589,1
2440,12,16,1589,1
2441,12,17,1589,1
2442,12,21,1589,1
2443,17,23,1589,1
2444,17,29,1589,1
2445,17,1,1589,1
2446,17,2,1589,1
2447,17,3,1589,1
2448,17,4,1589,1
2449,17,10,1589,1
2450,17,12,1589,1
2451,17,15,1589,1
2452,17,16,1589,1
2453,17,21,1589,1
2454,18,23,1589,1
2455,18,29,1589,1
2456,18,1,1589,1
2457,18,2,1589,1
2458,18,3,1589,1
2459,18,4,1589,1
2460,18,10,1589,1
2461,18,12,1589,1
2462,18,15,1589,1
2463,18,16,1589,1
2464,18,17,1589,1
2465,18,21,1589,1
2466,21,23,1589,1
2467,21,29,1589,1
2468,21,1,1589,1
2469,21,2,1589,1
2470,21,3,1589,1
2471,21,4,1589,1
2472,21,10,1589,1
2473,21,12,1589,1
2474,21,15,1589,1
2475,21,16,1589,1
2476,21,17,1589,1
2477,23,29,1590,1
2478,23,2,1590,1
2479,29,2,1590,1
2480,1,29,1590,1
2481,1,2,1590,1
2482,2,29,1590,1
2483,3,29,1590,1
2484,3,2,1590,1
2485,4,29,1590,1
2486,4,2,1590,1
2487,10,29,1590,1
2488,10,2,1590,1
2489,12,29,1590,1
2490,12,2,1590,1
2491,15,29,1590,1
2492,15,2,1590,1
2493,16,29,1590,1
2494,16,2,1590,1
2495,17,29,1590,1
2496,17,2,1590,1
2497,21,29,1590,1
2498,21,2,1590,1
2499,28,12,1597,2
2500,4,12,1597,2
2501,5,28,1615,2
2502,6,28,1615,2
2503,12,28,1630,2
2504,12,5,1630,2
2505,17,28,1630,2
2506,17,5,1630,2
2507,28,4,1631,2
2508,5,4,1631,2
2509,4,28,1632,2
2510,17,16,1636,2
2511,21,16,1636,2
2512,4,3,1644,2
2513,4,15,1644,2
2514,17,3,1644,2
2515,17,4,1644,2
2516,17,15,1644,2
2517,29,3,1652,2
2518,29,14,1652,2
2519,29,17,1652,2
2520,3,14,1652,2
2521,3,17,1652,2
2522,4,3,1652,2
2523,4,14,1652,2
2524,4,17,1652,2
2525,28,5,1659,2
2526,28,6,1659,2
2527,28,8,1659,2
2528,12,28,1665,2
2529,18,28,1665,2
2530,28,5,1666,2
2531,28,11,1666,2
2532,5,8,1667,2
2533,11,5,1667,2
2534,11,8,1667,2
2535,29,1,1673,2
2536,29,3,1673,2
2537,29,12,1673,2
2538,18,1,1673,2
2539,18,3,1673,2
2540,18,12,1673,2
2541,11,6,1678,2
2542,18,6,1678,2
2543,6,10,1679,2
2544,10,28,1680,2
2545,3,8,1687,2
2546,4,8,1687,2
2547,11,8,1687,2
2548,12,8,1687,2
2549,18,3,1706,2
2550,18,4,1706,2
2551,15,17,1720,2
2552,17,7,1721,2
2553,17,14,1721,2
2554,1,28,1729,2
2555,1,4,1729,2
2556,1,17,1729,2
2557,1,18,1729,2
2558,28,2,1730,2
2559,28,4,1730,2
2560,1,28,1730,2
2561,1,2,1730,2
2562,1,4,1730,2
2563,4,28,1730,2
2564,4,2,1730,2
2565,17,28,1730,2
2566,17,2,1730,2
2567,17,4,1730,2
2568,18,28,1730,2
2569,18,2,1730,2
2570,18,4,1730,2
2571,28,4,1741,2
2572,28,17,1741,2
2573,3,4,1741,2
2574,3,17,1741,2
2575,12,4,1741,2
2576,12,17,1741,2
2577,17,4,1741,2
2578,2,28,1749,2
2579,2,3,1749,2
2580,2,4,1749,2
2581,2,9,1749,2
2582,14,28,1749,2
2583,14,2,1749,2
2584,14,3,1749,2
2585,14,4,1749,2
2586,14,9,1749,2
2587,28,6,1750,2
2588,28,20,1750,2
2589,2,6,1750,2
2590,2,20,1750,2
2591,3,6,1750,2
2592,3,20,1750,2
2593,4,6,1750,2
2594,4,20,1750,2
2595,9,6,1750,2
2596,9,20,1750,2
2597,6,2,1751,2
2598,6,4,1751,2
2599,20,2,1751,2
2600,20,4,1751,2
2601,23,6,1755,2
2602,4,28,1769,2
2603,4,2,1769,2
